pred_close_sarimax,pred_close_ffnn
172.523217839594,182.7232
172.4124654709138,184.20068
172.2909207478121,183.18884
172.0986940807068,183.98177
172.77555789863314,183.29356
